{
    "logistic_regression": {
        "BARBUNYA": {
            "precision": 0.9291044776119403,
            "recall": 0.9188191881918819,
            "f1-score": 0.9239332096474954,
            "support": 271.0
        },
        "BOMBAY": {
            "precision": 1.0,
            "recall": 0.9819819819819819,
            "f1-score": 0.990909090909091,
            "support": 111.0
        },
        "CALI": {
            "precision": 0.9292307692307692,
            "recall": 0.9292307692307692,
            "f1-score": 0.9292307692307692,
            "support": 325.0
        },
        "DERMASON": {
            "precision": 0.9338345864661655,
            "recall": 0.8986975397973951,
            "f1-score": 0.915929203539823,
            "support": 691.0
        },
        "HOROZ": {
            "precision": 0.9667519181585678,
            "recall": 0.9402985074626866,
            "f1-score": 0.9533417402269861,
            "support": 402.0
        },
        "SEKER": {
            "precision": 0.9471153846153846,
            "recall": 0.9425837320574163,
            "f1-score": 0.9448441247002398,
            "support": 418.0
        },
        "SIRA": {
            "precision": 0.8365896980461812,
            "recall": 0.9075144508670521,
            "f1-score": 0.8706099815157117,
            "support": 519.0
        },
        "accuracy": 0.9221775666788454,
        "macro avg": {
            "precision": 0.934660976304144,
            "recall": 0.9313037385127405,
            "f1-score": 0.9326854456814452,
            "support": 2737.0
        },
        "weighted avg": {
            "precision": 0.9239260386685785,
            "recall": 0.9221775666788454,
            "f1-score": 0.9226593688907567,
            "support": 2737.0
        }
    },
    "knn": {
        "BARBUNYA": {
            "precision": 0.94140625,
            "recall": 0.8892988929889298,
            "f1-score": 0.9146110056925996,
            "support": 271.0
        },
        "BOMBAY": {
            "precision": 1.0,
            "recall": 1.0,
            "f1-score": 1.0,
            "support": 111.0
        },
        "CALI": {
            "precision": 0.9080118694362018,
            "recall": 0.9415384615384615,
            "f1-score": 0.9244712990936556,
            "support": 325.0
        },
        "DERMASON": {
            "precision": 0.9085714285714286,
            "recall": 0.9204052098408104,
            "f1-score": 0.914450035945363,
            "support": 691.0
        },
        "HOROZ": {
            "precision": 0.9720812182741116,
            "recall": 0.9527363184079602,
            "f1-score": 0.9623115577889447,
            "support": 402.0
        },
        "SEKER": {
            "precision": 0.9589371980676329,
            "recall": 0.9497607655502392,
            "f1-score": 0.9543269230769231,
            "support": 418.0
        },
        "SIRA": {
            "precision": 0.8704761904761905,
            "recall": 0.8805394990366089,
            "f1-score": 0.8754789272030651,
            "support": 519.0
        },
        "accuracy": 0.9247351114358787,
        "macro avg": {
            "precision": 0.9370691649750809,
            "recall": 0.9334684496232872,
            "f1-score": 0.9350928212572216,
            "support": 2737.0
        },
        "weighted avg": {
            "precision": 0.9252602666624876,
            "recall": 0.9247351114358787,
            "f1-score": 0.9248553865115379,
            "support": 2737.0
        }
    },
    "svm": {
        "BARBUNYA": {
            "precision": 0.9507575757575758,
            "recall": 0.9261992619926199,
            "f1-score": 0.9383177570093458,
            "support": 271.0
        },
        "BOMBAY": {
            "precision": 1.0,
            "recall": 1.0,
            "f1-score": 1.0,
            "support": 111.0
        },
        "CALI": {
            "precision": 0.9418960244648318,
            "recall": 0.9476923076923077,
            "f1-score": 0.9447852760736196,
            "support": 325.0
        },
        "DERMASON": {
            "precision": 0.9186875891583453,
            "recall": 0.9319826338639653,
            "f1-score": 0.9252873563218391,
            "support": 691.0
        },
        "HOROZ": {
            "precision": 0.9695431472081218,
            "recall": 0.9502487562189055,
            "f1-score": 0.9597989949748744,
            "support": 402.0
        },
        "SEKER": {
            "precision": 0.963855421686747,
            "recall": 0.9569377990430622,
            "f1-score": 0.9603841536614646,
            "support": 418.0
        },
        "SIRA": {
            "precision": 0.8876190476190476,
            "recall": 0.8978805394990366,
            "f1-score": 0.89272030651341,
            "support": 519.0
        },
        "accuracy": 0.9360613810741688,
        "macro avg": {
            "precision": 0.947479829413524,
            "recall": 0.9444201854728425,
            "f1-score": 0.9458991206506504,
            "support": 2737.0
        },
        "weighted avg": {
            "precision": 0.9363927045110709,
            "recall": 0.9360613810741688,
            "f1-score": 0.9361762884116557,
            "support": 2737.0
        }
    },
    "mlp": {
        "BARBUNYA": {
            "precision": 0.916058394160584,
            "recall": 0.9261992619926199,
            "f1-score": 0.9211009174311927,
            "support": 271.0
        },
        "BOMBAY": {
            "precision": 1.0,
            "recall": 0.9819819819819819,
            "f1-score": 0.990909090909091,
            "support": 111.0
        },
        "CALI": {
            "precision": 0.926605504587156,
            "recall": 0.9323076923076923,
            "f1-score": 0.9294478527607362,
            "support": 325.0
        },
        "DERMASON": {
            "precision": 0.9224011713030746,
            "recall": 0.9117221418234442,
            "f1-score": 0.9170305676855895,
            "support": 691.0
        },
        "HOROZ": {
            "precision": 0.9717223650385605,
            "recall": 0.9402985074626866,
            "f1-score": 0.9557522123893806,
            "support": 402.0
        },
        "SEKER": {
            "precision": 0.9614457831325302,
            "recall": 0.9545454545454546,
            "f1-score": 0.957983193277311,
            "support": 418.0
        },
        "SIRA": {
            "precision": 0.8629629629629629,
            "recall": 0.8978805394990366,
            "f1-score": 0.8800755429650614,
            "support": 519.0
        },
        "accuracy": 0.9265619291194739,
        "macro avg": {
            "precision": 0.9373137401692669,
            "recall": 0.9349907970875595,
            "f1-score": 0.9360427682026231,
            "support": 2737.0
        },
        "weighted avg": {
            "precision": 0.9273556189446275,
            "recall": 0.9265619291194739,
            "f1-score": 0.9268383277683806,
            "support": 2737.0
        }
    },
    "random_forest": {
        "BARBUNYA": {
            "precision": 0.9213483146067416,
            "recall": 0.9077490774907749,
            "f1-score": 0.9144981412639405,
            "support": 271.0
        },
        "BOMBAY": {
            "precision": 1.0,
            "recall": 1.0,
            "f1-score": 1.0,
            "support": 111.0
        },
        "CALI": {
            "precision": 0.93125,
            "recall": 0.916923076923077,
            "f1-score": 0.924031007751938,
            "support": 325.0
        },
        "DERMASON": {
            "precision": 0.90625,
            "recall": 0.9232995658465991,
            "f1-score": 0.9146953405017921,
            "support": 691.0
        },
        "HOROZ": {
            "precision": 0.9646464646464646,
            "recall": 0.9502487562189055,
            "f1-score": 0.9573934837092731,
            "support": 402.0
        },
        "SEKER": {
            "precision": 0.9380952380952381,