model,accuracy_drop
xgboost,-0.0008829618804042557
random_forest,-0.0007916209962245587
mlp,0.002131287297527836
svm,0.0040798928266959356
knn,0.004323468517842072
logistic_regression,0.005632687857751784
